IssuerId,IssuerId2,BusinessDate,StateCode,SourceName,NetworkName,NetworkURL,custnum,MarketCoverage,DentalOnlyPlan
21989,21989,2019-10-01,AK,HIOS,ODS Premier,https://www.modahealth.com/ProviderSearch/faces/webpages/home.xhtml?dn=ods,13,,
219,219,2019-10-01,AK,HIOS,ODS Premier,,,,
38344,38344,2019-10-01,AK,HIOS,HeritagePlus,https://www.premera.com/wa/visitor/,13,,
38536,38536,2019-10-01,AK,HIOS,Lincoln Dental Connect,http://lfg.go2dental.com/member/dental_search/searchprov.cgi?P=LFGDentalConnect&Network=L,13,,
42507,42507,2019-10-01,AK,HIOS,DentalGuard Preferred,https://www.guardiananytime.com/fpapp/FPWeb/dentalSearch.process,13,,
73836,73836,2019-10-01,AK,HIOS,Moda Plus AK Regional,https://www.modahealth.com/ProviderSearch/faces/webpages/home.xhtml?dn=ods,13,,
73836,73836,2019-10-01,AK,HIOS,Moda Plus Providence,https://www.modahealth.com/ProviderSearch/faces/webpages/home.xhtml?dn=ods,14,,
74819,74819,2019-10-01,AK,HIOS,DenteMax,http://www2.dentemax.com/,13,,
84859,84859,2019-10-01,AK,HIOS,Ameritas PPO Dental Network,www.standard.com,13,,
12538,12538,2019-10-01,AL,HIOS,DenteMax,http://www2.dentemax.com/,13,,
12538,12538,2019-10-01,AL,HIOS,CONNECTION Dental through PPO USA,http://www.ppousa.com/patients/index.html,14,,
17540,17540,2019-10-01,AL,HIOS,DentalGuard Preferred,https://www.guardiananytime.com/fpapp/FPWeb/dentalSearch.process,13,,
44580,44580,2019-10-01,AL,HIOS,Birmingham PPOx,http://pfp.humana.com/Pfp/PfpMain.aspx?cust=1059&pfpkey=808,13,,
44580,44580,2019-10-01,AL,HIOS,Huntsville PPOx,http://pfp.humana.com/Pfp/PfpMain.aspx?cust=1059&pfpkey=809,14,,
44580,44580,2019-10-01,AL,HIOS,Humana Dental PPO Traditional Preferred,https://www.humana.com/finder/search?customerID=1085&pfpkey=317,15,,
44785,44785,2019-10-01,AL,HIOS,Advantage Plus,https://secure.ucci.com/tp2fad/?network=074,13,,
46211,46211,2019-10-01,AL,HIOS,Lincoln Dental Connect,http://lfg.go2dental.com/member/dental_search/searchprov.cgi?P=LFGDentalConnect&Network=L,13,,
46944,46944,2019-10-01,AL,HIOS,BCBSAL PPO,https://www.bcbsal.org/doctorfinder?frm=Exchange,13,,
59809,59809,2019-10-01,AL,HIOS,Choice Plus,http://www.providerlookuponline.com/uhc/po7/gateway.aspx?delsys=05,13,,
59809,59809,2019-10-01,AL,HIOS,Choice Plus,http://www.providerlookuponline.com/uhc/po7/gateway.aspx?delsys=05,14,,
77233,77233,2019-10-01,AL,HIOS,Dentegra Dental PPO,http://www.dentegra.com/find-a-dentist,13,,
82285,82285,2019-10-01,AL,HIOS,Delta Dental PPO,http://www.deltadentalins.com/find-a-dentist/,13,,
17100,17100,2019-10-01,AZ,HIOS,EHB Basic Dental Plan (Low),https://metlocator.metlife.com/metlocator/execute/Search?searchType=findDentistHCR_AZ&planType=DPPO&networkID=2,13,,
17100,17100,2019-10-01,AZ,HIOS,EHB Enhanced Dental Plan (High),https://metlocator.metlife.com/metlocator/execute/Search?searchType=findDentistHCR_AZ&planType=DPPO&networkID=2,14,,
17100,17100,2019-10-01,AZ,HIOS,Family Basic Dental Plan (Low),https://metlocator.metlife.com/metlocator/execute/Search?searchType=findDentistHCR_AZ&planType=DPPO&networkID=2,15,,
17100,17100,2019-10-01,AZ,HIOS,Family Enhanced Dental Plan (High),https://metlocator.metlife.com/metlocator/execute/Search?searchType=findDentistHCR_AZ&planType=DPPO&networkID=2,16,,
18156,18156,2019-10-01,AZ,HIOS,Lincoln Dental Connect,http://lfg.go2dental.com/member/dental_search/searchprov.cgi?P=LFGDentalConnect&Network=L,13,,
23307,23307,2019-10-01,AZ,HIOS,Phoenix HMOx,http://pfp.humana.com/Pfp/PfpMain.aspx?cust=1059&pfpkey=762,13,,
23307,23307,2019-10-01,AZ,HIOS,Tucson HMOx,http://pfp.humana.com/Pfp/PfpMain.aspx?cust=1059&pfpkey=801,14,,
30045,30045,2019-10-01,AZ,HIOS,Delta Dental PPO,http://www.deltadental.com/DentistSearch/DentistSearchController.ccl?ViewProduct=B20,13,,
30045,30045,2019-10-01,AZ,HIOS,Delta Dental PPO plus Premier,http://www.deltadental.com/DentistSearch/DentistSearchController.ccl?ViewProduct=B01,14,,
30045,30045,2019-10-01,AZ,HIOS,Delta Dental Premier,http://www.deltadental.com/DentistSearch/DentistSearchController.ccl?ViewProduct=B01,15,,
33851,33851,2019-10-01,AZ,HIOS,Premier Access Dental,www.premierlife.com/providersearch,13,,
51485,51485,2019-10-01,AZ,HIOS,AZ PPO,https://www.healthnet.com/portal/providerSearch.action,13,,
52147,52147,2019-10-01,AZ,HIOS,Ameritas PPO Dental Network,www.standard.com,13,,
53901,53901,2019-10-01,AZ,HIOS,Statewide PPO,www.azblue.com/PPO,13,,
53901,53901,2019-10-01,AZ,HIOS,Alliance,www.azblue.com/Alliance,14,,
53901,53901,2019-10-01,AZ,HIOS,Select,www.azblue.com/Select,15,,
58292,58292,2019-10-01,AZ,HIOS,Dentegra Dental PPO,http://www.dentegra.com/find-a-dentist,13,,
60761,60761,2019-10-01,AZ,HIOS,Meritus HMO Network,http://www.meritusaz.com/hmo-provider-search1.html,13,,
60761,60761,2019-10-01,AZ,HIOS,Meritus Neighborhood Network Maricopa,http://www.meritusaz.com/provider-search1.html,14,,
60761,60761,2019-10-01,AZ,HIOS,Meritus Community Network Phoenix,http://www.meritusaz.com/provider-search1.html,15,,
60761,60761,2019-10-01,AZ,HIOS,Meritus Community Network Pima,http://www.meritusaz.com/provider-search1.html,16,,
66105,66105,2019-10-01,AZ,HIOS,Humana Dental PPO/Traditional Preferred,https://www.humana.com/finder/search?customerID=1085&pfpkey=317,13,,
70239,70239,2019-10-01,AZ,HIOS,Health Choice Essential,http://www.healthchoiceessential.com/members/FindProvider.aspx,13,,
77352,77352,2019-10-01,AZ,HIOS,DenteMax,http://www2.dentemax.com/,13,,
77352,77352,2019-10-01,AZ,HIOS,Total Dental Administrators (TDA),http://www.totaldentaladmin.com/,14,,
84251,84251,2019-10-01,AZ,HIOS,QHP PPO_OAMC_Arizona,http://www.aetna.com/individuals-families-health-insurance/buy-insurance/exchange/az.html,13,,
86830,86830,2019-10-01,AZ,HIOS,Arizona Local Plus,www.Cigna.com/ifp-providers,13,,
88925,88925,2019-10-01,AZ,HIOS,UHM Primary,http://uamarketplace.com/providerlookup.aspx,13,,
88925,88925,2019-10-01,AZ,HIOS,MIHS Limited,http://uamarketplace.com/providerlookup.aspx,14,,
88925,88925,2019-10-01,AZ,HIOS,Apache,http://uamarketplace.com/providerlookup.aspx,15,,
88925,88925,2019-10-01,AZ,HIOS,Cochise,http://uamarketplace.com/providerlookup.aspx,16,,
88925,88925,2019-10-01,AZ,HIOS,Coconino,http://uamarketplace.com/providerlookup.aspx,17,,
88925,88925,2019-10-01,AZ,HIOS,Gila,http://uamarketplace.com/providerlookup.aspx,18,,
88925,88925,2019-10-01,AZ,HIOS,Greenlee,http://uamarketplace.com/providerlookup.aspx,19,,
88925,88925,2019-10-01,AZ,HIOS,Graham,http://uamarketplace.com/providerlookup.aspx,20,,
88925,88925,2019-10-01,AZ,HIOS,La Paz,http://uamarketplace.com/providerlookup.aspx,21,,
88925,88925,2019-10-01,AZ,HIOS,Maricopa,http://uamarketplace.com/providerlookup.aspx,22,,
88925,88925,2019-10-01,AZ,HIOS,Mohave,http://uamarketplace.com/providerlookup.aspx,23,,
88925,88925,2019-10-01,AZ,HIOS,Navajo,http://uamarketplace.com/providerlookup.aspx,24,,
88925,88925,2019-10-01,AZ,HIOS,Pima,http://uamarketplace.com/providerlookup.aspx,25,,
88925,88925,2019-10-01,AZ,HIOS,Pinal,http://uamarketplace.com/providerlookup.aspx,26,,
88925,88925,2019-10-01,AZ,HIOS,Santa Cruz,http://uamarketplace.com/providerlookup.aspx,27,,
88925,88925,2019-10-01,AZ,HIOS,Yavapai,http://uamarketplace.com/providerlookup.aspx,28,,
88925,88925,2019-10-01,AZ,HIOS,Yuma,http://uamarketplace.com/providerlookup.aspx,29,,
88925,88925,2019-10-01,AZ,HIOS,GSA10,http://uamarketplace.com/providerlookup.aspx,30,,
88925,88925,2019-10-01,AZ,HIOS,GSA2,http://uamarketplace.com/providerlookup.aspx,31,,
88925,88925,2019-10-01,AZ,HIOS,GSA8,http://uamarketplace.com/providerlookup.aspx,32,,
88925,88925,2019-10-01,AZ,HIOS,GSA14,http://uamarketplace.com/providerlookup.aspx,33,,
90264,90264,2019-10-01,AZ,HIOS,Ameritas PPO Dental Network,www.ameritasgroup.com,13,,
91450,91450,2019-10-01,AZ,HIOS,AZ HMO CommunityCare Network,https://www.healthnet.com/portal/providerSearch.action,13,,
91450,91450,2019-10-01,AZ,HIOS,AZ HMO,https://www.healthnet.com/portal/providerSearch.action,14,,
91450,91450,2019-10-01,AZ,HIOS,AZ HMO ExcelCare Network,https://www.healthnet.com/portal/providerSearch.action,15,,
92045,92045,2019-10-01,AZ,HIOS,Meritus PPO Network,https://www.azfmc.com/meritussearch,13,,
99180,99180,2019-10-01,AZ,HIOS,Advantage Plus,https://secure.ucci.com/tp2fad/?network=074,13,,
15980,15980,2019-10-01,FL,HIOS,Humana Dental PPO/Traditional Preferred,https://www.humana.com/finder/search?customerID=1085&pfpkey=317,13,,
16842,16842,2019-10-01,FL,HIOS,NetworkBlue,http://opd.bcbsfl.com,13,,
16842,16842,2019-10-01,FL,HIOS,BlueSelect,http://opd.bcbsfl.com,14,,
23841,23841,2019-10-01,FL,HIOS,QHP PPO_OAMC_Florida,http://www.aetna.com/individuals-families-health-insurance/buy-insurance/exchange/fl.html,13,,
27357,27357,2019-10-01,FL,HIOS,Health First Health Plans,www.healthfirsthealthplans.org,13,,
30115,30115,2019-10-01,FL,HIOS,Blue Dental Choice,http://floridabluedental.com/find-a-dentist.aspx,13,,
30219,30219,2019-10-01,FL,HIOS,EHB Basic Dental Plan (Low),https://metlocator.metlife.com/metlocator/execute/Search?searchType=findDentistHCR_FL&planType=DUAL&custNum=0383201&networkID=2,13,,
30219,30219,2019-10-01,FL,HIOS,EHB Enhanced Dental Plan (High),https://metlocator.metlife.com/metlocator/execute/Search?searchType=findDentistHCR_FL&planType=DUAL&custNum=0383201&networkID=2,14,,
30219,30219,2019-10-01,FL,HIOS,Family Basic Dental Plan (Low),https://metlocator.metlife.com/metlocator/execute/Search?searchType=findDentistHCR_FL&planType=DUAL&custNum=0383201&networkID=2,15,,
30219,30219,2019-10-01,FL,HIOS,Family Enhanced Dental Plan (High),https://metlocator.metlife.com/metlocator/execute/Search?searchType=findDentistHCR_FL&planType=DUAL&custNum=0383201&networkID=2,16,,
30252,30252,2019-10-01,FL,HIOS,BlueCare,http://opd.bcbsfl.com,13,,
35783,35783,2019-10-01,FL,HIOS,HMO Premier,http://pfp.humana.com/Pfp/PfpMain.aspx?cust=1059&pfpkey=347,13,,
35783,35783,2019-10-01,FL,HIOS,South Florida HUMx HMOx,http://pfp.humana.com/Pfp/PfpMain.aspx?cust=1059&pfpkey=798,14,,
35783,35783,2019-10-01,FL,HIOS,Tampa Bay HUMx HMOx,http://pfp.humana.com/Pfp/PfpMain.aspx?cust=1059&pfpkey=799,15,,
43274,43274,2019-10-01,FL,HIOS,EssentialSmile PPO,www.Solsticecare.com/provider-search.aspx,13,,
48121,48121,2019-10-01,FL,HIOS,Florida LocalPlus Network,www.Cigna.com/ifp-providers,13,,
48129,48129,2019-10-01,FL,HIOS,Renaissance Dental,www.renaissancedental.com/Find-a-Dentist,13,,
48129,48129,2019-10-01,FL,HIOS,Delta Dental,http://www.deltadental.com/DentistSearch/DentistSearchController.ccl,14,,
49193,49193,2019-10-01,FL,HIOS,Advantage Plus,https://secure.ucci.com/tp2fad/?network=074,13,,
51398,51398,2019-10-01,FL,HIOS,Miami Dade A,http://www.pmpmarketplace.com/plans/providers.pdf,13,,
51398,51398,2019-10-01,FL,HIOS,Miami Dade B,http://www.pmpmarketplace.com/plans/providers.pdf,14,,
51398,51398,2019-10-01,FL,HIOS,Broward,http://www.pmpmarketplace.com/plans/51398FL0650001/providers.pdf,15,,
54172,54172,2019-10-01,FL,HIOS,Molina Marketplace,http://www.molinahealthcare.com/providersearch,13,,
56503,56503,2019-10-01,FL,HIOS,FHCP HMO Network,http://www.fhcp.com/individual-plans/,13,,
56503,56503,2019-10-01,FL,HIOS,FHCP Partners In Care Network,http://www.fhcp.com/individual-plans/,14,,
57451,57451,2019-10-01,FL,HIOS,Carelink from CoventryOne,http://fl.coventryproviders.com,13,,
57451,57451,2019-10-01,FL,HIOS,CoventryOne Exchange HMO,http://fl.coventryproviders.com,14,,
59667,59667,2019-10-01,FL,HIOS,DentaQuest of Florida Inc,www.dentaquest.com,13,,
77150,77150,2019-10-01,FL,HIOS,Health First Insurance,www.healthfirstinsurance.org,13,,
85543,85543,2019-10-01,FL,HIOS,Lincoln Dental Connect,http://lfg.go2dental.com/member/dental_search/searchprov.cgi?P=LFGDentalConnect&Network=L,13,,
86382,86382,2019-10-01,FL,HIOS,Ambetter from Sunshine Health,http://ambetter.sunshinehealth.com/findadoc,13,,
97725,97725,2019-10-01,FL,HIOS,Delta Dental PPO,http://www.deltadentalins.com/find-a-dentist/,13,,
97725,97725,2019-10-01,FL,HIOS,DeltaCare USA DHMO,http://www.deltadentalins.com/find-a-dentist/,14,,
98534,98534,2019-10-01,FL,HIOS,EHB Basic Dental Plan (Low),https://metlocator.metlife.com/metlocator/execute/Search?searchType=findDentistHCR_FL&planType=DUAL&custNum=0383201&networkID=2,13,,
98534,98534,2019-10-01,FL,HIOS,EHB Enhanced Dental Plan (High),https://metlocator.metlife.com/metlocator/execute/Search?searchType=findDentistHCR_FL&planType=DUAL&custNum=0383201&networkID=2,14,,
98534,98534,2019-10-01,FL,HIOS,Family Basic Dental Plan (Low),https://metlocator.metlife.com/metlocator/execute/Search?searchType=findDentistHCR_FL&planType=DUAL&custNum=0383201&networkID=2,15,,
98534,98534,2019-10-01,FL,HIOS,Family Enhanced Dental Plan (High),https://metlocator.metlife.com/metlocator/execute/Search?searchType=findDentistHCR_FL&planType=DUAL&custNum=0383201&networkID=2,16,,
99787,99787,2019-10-01,FL,HIOS,Dentegra Dental PPO,http://www.dentegra.com/find-a-dentist,13,,
28167,28167,2019-10-01,GA,HIOS,Dentegra Dental PPO,http://www.dentegra.com/find-a-dentist,13,,
37001,37001,2019-10-01,GA,HIOS,National POS Open Access,http://pfp.humana.com/Pfp/PfpMain.aspx?cust=1059&pfpkey=319,13,,
37001,37001,2019-10-01,GA,HIOS,Humana Dental PPO Traditional Preferred,https://www.humana.com/finder/search?customerID=1085&pfpkey=317,14,,
45495,45495,2019-10-01,GA,HIOS,Ambetter from Peach State Health Plan,http://ambetter.pshpgeorgia.com/findadoc,13,,
49046,49046,2019-10-01,GA,HIOS,Pathway X,https://www.bcbsga.com/health-insurance/provider-directory/searchcriteria?brand=bcbsga,13,,
49046,49046,2019-10-01,GA,HIOS,Pathway X (with dental),https://www.bcbsga.com/health-insurance/provider-directory/searchcriteria?brand=bcbsga,14,,
50491,50491,2019-10-01,GA,HIOS,GA PPO,cigna.benefitnation.net/Cignadol/default.asp?employer=ISG-01&,13,,
50662,50662,2019-10-01,GA,HIOS,Lincoln Dental Connect,http://lfg.go2dental.com/member/dental_search/searchprov.cgi?P=LFGDentalConnect&Network=L,13,,
50988,50988,2019-10-01,GA,HIOS,Advantage Plus,https://secure.ucci.com/tp2fad/?network=074,13,,
55612,55612,2019-10-01,GA,HIOS,EHB Basic Dental Plan (Low),https://metlocator.metlife.com/metlocator/execute/Search?searchType=findDentistHCR_GA&planType=DPPO&networkID=2,13,,
55612,55612,2019-10-01,GA,HIOS,EHB Enhanced Dental Plan (High),https://metlocator.metlife.com/metlocator/execute/Search?searchType=findDentistHCR_GA&planType=DPPO&networkID=2,14,,
55612,55612,2019-10-01,GA,HIOS,Family Basic Dental Plan (Low),https://metlocator.metlife.com/metlocator/execute/Search?searchType=findDentistHCR_GA&planType=DPPO&networkID=2,15,,
55612,55612,2019-10-01,GA,HIOS,Family Enhanced Dental Plan (High),https://metlocator.metlife.com/metlocator/execute/Search?searchType=findDentistHCR_GA&planType=DPPO&networkID=2,16,,
63411,63411,2019-10-01,GA,HIOS,Dental Prime,www.bcbsga.com,13,,
63940,63940,2019-10-01,GA,HIOS,DentalGuard Preferred,https://www.guardiananytime.com/fpapp/FPWeb/dentalSearch.process,13,,
73231,73231,2019-10-01,GA,HIOS,Renaissance Dental,www.renaissancedental.com/Find-a-Dentist,13,,
73231,73231,2019-10-01,GA,HIOS,Delta Dental,http://www.deltadental.com/DentistSearch/DentistSearchController.ccl,14,,
83502,83502,2019-10-01,GA,HIOS,DenteMax,http://www2.dentemax.com/,13,,
83761,83761,2019-10-01,GA,HIOS,FFE and SHOP,www.AHPAssist.com,13,,
86637,86637,2019-10-01,GA,HIOS,Delta Dental PPO,http://www.deltadentalins.com/find-a-dentist/,13,,
89942,89942,2019-10-01,GA,HIOS,Kaiser Permanente HMO,https://healthy.kaiserpermanente.org/health/care/consumer/locate-our-services/doctors-and-locations,13,,
93332,93332,2019-10-01,GA,HIOS,Atlanta HMOx,http://pfp.humana.com/Pfp/PfpMain.aspx?cust=1059&pfpkey=804,13,,
93332,93332,2019-10-01,GA,HIOS,Columbus GA HMOx,http://pfp.humana.com/Pfp/PfpMain.aspx?cust=1059&pfpkey=758,14,,
93332,93332,2019-10-01,GA,HIOS,Savannah HMOx,http://pfp.humana.com/Pfp/PfpMain.aspx?cust=1059&pfpkey=805,15,,
93332,93332,2019-10-01,GA,HIOS,National POS Open Access,http://pfp.humana.com/Pfp/PfpMain.aspx?cust=1059&pfpkey=319,16,,
83350,83350,2019-10-01,IL,HIOS,EHB Basic Dental Plan (Low),https://metlocator.metlife.com/metlocator/execute/Search?searchType=findDentistHCR_IL&planType=DPPO&networkID=2,13,,
83350,83350,2019-10-01,IL,HIOS,EHB Enhanced Dental Plan (High),https://metlocator.metlife.com/metlocator/execute/Search?searchType=findDentistHCR_IL&planType=DPPO&networkID=2,14,,
83350,83350,2019-10-01,IL,HIOS,Family Basic Dental Plan (Low),https://metlocator.metlife.com/metlocator/execute/Search?searchType=findDentistHCR_IL&planType=DPPO&networkID=2,15,,
83350,83350,2019-10-01,IL,HIOS,Family Enhanced Dental Plan (High),https://metlocator.metlife.com/metlocator/execute/Search?searchType=findDentistHCR_IL&planType=DPPO&networkID=2,16,,
17575,17575,2019-10-01,IN,HIOS,[Indiana Individual On Exchange Network] Pathway X HMO POS,https://www.anthem.com/health-insurance/provider-directory/searchcriteria?brand=abcbs,13,,
17575,17575,2019-10-01,IN,HIOS,[Indiana Individual On Exchange Network] Pathway X HMO POS (with dental),https://www.anthem.com/health-insurance/provider-directory/searchcriteria?brand=abcbs,14,,
17575,17575,2019-10-01,IN,HIOS,[Indiana Small Group On Exchange Network] Blue Preferred HMO POS,https://www.anthem.com/health-insurance/provider-directory/searchcriteria?brand=abcbs,15,,
17575,17575,2019-10-01,IN,HIOS,[Indiana Individual Off Exchange Network] Pathway HMO POS,https://www.anthem.com/health-insurance/provider-directory/searchcriteria?brand=abcbs,16,,
17575,17575,2019-10-01,IN,HIOS,[Indiana Small Group Off Exchange Network] Blue Preferred HMO POS,https://www.anthem.com/health-insurance/provider-directory/searchcriteria?brand=abcbs,17,,
17575,17575,2019-10-01,IN,HIOS,Dental Prime,www.anthem.com,18,,
35065,35065,2019-10-01,IN,HIOS,Ambetter from MHS,http://ambetter.mhsindiana.com/findadoc,13,,
43499,43499,2019-10-01,IN,HIOS,Dentemax,http://www2.dentemax.com/Members/FindADentist.aspx,13,,
50816,50816,2019-10-01,IN,HIOS,PHP Premier,http://www.phpni.com/marketplace/providerdirectory,13,,
50816,50816,2019-10-01,IN,HIOS,PHP Select,http://www.phpni.com/marketplace/providerdirectory,14,,
50816,50816,2019-10-01,IN,HIOS,PHP Dental,http://www.phpni.com/marketplace/providerdirectory,15,,
56340,56340,2019-10-01,IN,HIOS,Lincoln Dental Connect,http://lfg.go2dental.com/member/dental_search/searchprov.cgi?P=LFGDentalConnect&Network=L,13,,
59560,59560,2019-10-01,IN,HIOS,DentalGuard Preferred,https://www.guardiananytime.com/fpapp/FPWeb/dentalSearch.process,13,,
69051,69051,2019-10-01,IN,HIOS,EHB Basic Dental Plan (Low),https://www.metlife.com/dental,13,,
69051,69051,2019-10-01,IN,HIOS,EHB Enhanced Dental Plan (High),https://www.metlife.com/dental,14,,
69051,69051,2019-10-01,IN,HIOS,Family Basic Dental Plan (Low),https://www.metlife.com/dental,15,,
69051,69051,2019-10-01,IN,HIOS,Family Enhanced Dental Plan (High),https://www.metlife.com/dental,16,,
83557,83557,2019-10-01,IN,HIOS,DenteMax,http://www2.dentemax.com/,13,,
83557,83557,2019-10-01,IN,HIOS,Maverest Dental Alliance,http://www.maverest.com/,14,,
85320,85320,2019-10-01,IN,HIOS,MDwise,mdwise.org/marketplace/findadoctor,13,,
85320,85320,2019-10-01,IN,HIOS,MDwise,mdwise.org/marketplace/findadoctor,14,,
85320,85320,2019-10-01,IN,HIOS,MDwise,mdwise.org/marketplace/findadoctor,15,,
85320,85320,2019-10-01,IN,HIOS,MDwise,mdwise.org/marketplace/findadoctor,16,,
85320,85320,2019-10-01,IN,HIOS,MDwise,mdwise.org/marketplace/findadoctor,17,,
85320,85320,2019-10-01,IN,HIOS,MDwise,mdwise.org/marketplace/findadoctor,18,,
85320,85320,2019-10-01,IN,HIOS,MDwise,mdwise.org/marketplace/findadoctor,19,,
85320,85320,2019-10-01,IN,HIOS,MDwise,mdwise.org/marketplace/findadoctor,20,,
85320,85320,2019-10-01,IN,HIOS,MDwise,mdwise.org/marketplace/findadoctor,21,,
85320,85320,2019-10-01,IN,HIOS,MDwise,mdwise.org/marketplace/findadoctor,22,,
85320,85320,2019-10-01,IN,HIOS,MDwise,mdwise.org/marketplace/findadoctor,23,,
85320,85320,2019-10-01,IN,HIOS,MDwise,mdwise.org/marketplace/findadoctor,24,,
85320,85320,2019-10-01,IN,HIOS,MDwise,mdwise.org/marketplace/findadoctor,25,,
85320,85320,2019-10-01,IN,HIOS,MDwise,mdwise.org/marketplace/findadoctor,26,,
85320,85320,2019-10-01,IN,HIOS,MDwise,mdwise.org/marketplace/findadoctor,27,,
85320,85320,2019-10-01,IN,HIOS,MDwise,mdwise.org/marketplace/findadoctor,28,,
85320,85320,2019-10-01,IN,HIOS,MDwise,mdwise.org/marketplace/findadoctor,29,,
85320,85320,2019-10-01,IN,HIOS,MDwise,mdwise.org/marketplace/findadoctor,30,,
85320,85320,2019-10-01,IN,HIOS,MDwise,mdwise.org/marketplace/findadoctor,31,,
85320,85320,2019-10-01,IN,HIOS,MDwise,mdwise.org/marketplace/findadoctor,32,,
85320,85320,2019-10-01,IN,HIOS,MDwise,mdwise.org/marketplace/findadoctor,33,,
85320,85320,2019-10-01,IN,HIOS,MDwise,mdwise.org/marketplace/findadoctor,34,,
85320,85320,2019-10-01,IN,HIOS,MDwise,mdwise.org/marketplace/findadoctor,35,,
91920,91920,2019-10-01,IN,HIOS,Dentegra Dental PPO,http://www.dentegra.com/find-a-dentist,13,,
18575,18575,2019-10-01,LA,HIOS,ACB,http://www.alwayscarebenefits.com/comm/providers/LADentalProviderDirectory.pdf,13,,
18802,18802,2019-10-01,LA,HIOS,Delta Dental PPO,http://www.deltadentalins.com/find-a-dentist/,13,,
19636,19636,2019-10-01,LA,HIOS,HMO Louisiana HMOPOS Vision Dental,http://www.bcbsla.com/hmopos-medical-vision-dental,13,,
19636,19636,2019-10-01,LA,HIOS,Blue Connect Vision Dental,http://www.bcbsla.com/blueconnect-medical-vision-dental,14,,
19636,19636,2019-10-01,LA,HIOS,Community Blue Vision Dental,http://www.bcbsla.com/communityblue-medical-vision-dental,15,,
42544,42544,2019-10-01,LA,HIOS,Dentegra Dental PPO,http://www.dentegra.com/find-a-dentist,13,,
44965,44965,2019-10-01,LA,HIOS,New Olreans HMOx,http://pfp.humana.com/Pfp/PfpMain.aspx?cust=1059&pfpkey=802,13,,
44965,44965,2019-10-01,LA,HIOS,Humana ChoiceCare Network PPO,http://pfp.humana.com/Pfp/PfpMain.aspx?cust=1059&pfpkey=124,14,,
44965,44965,2019-10-01,LA,HIOS,Humana Dental PPO Traditional Preferred,https://www.humana.com/finder/search?customerID=1085&pfpkey=317,15,,
67202,67202,2019-10-01,LA,HIOS,POS Network,http://www.mylahc.org/members,13,,
67202,67202,2019-10-01,LA,HIOS,HMO New Orleans Area,http://www.mylahc.org/members,14,,
67202,67202,2019-10-01,LA,HIOS,HMO Baton Rouge Area,http://www.mylahc.org/members,15,,
67202,67202,2019-10-01,LA,HIOS,HMO Lafayette Area,http://www.mylahc.org/members,16,,
67202,67202,2019-10-01,LA,HIOS,HMO Shreveport Area,http://www.mylahc.org/members,17,,
67243,67243,2019-10-01,LA,HIOS,Vantage Tier 1 Network,http://www.vhpla.com/marketplace/,13,,
75409,75409,2019-10-01,LA,HIOS,EHB Basic Dental Plan (Low),https://www.metlife.com/dental,13,,
75409,75409,2019-10-01,LA,HIOS,EHB Enhanced Dental Plan (High),https://www.metlife.com/dental,14,,
75409,75409,2019-10-01,LA,HIOS,Family Basic Dental Plan (Low),https://www.metlife.com/dental,15,,
75409,75409,2019-10-01,LA,HIOS,Family Enhanced Dental Plan (High),https://www.metlife.com/dental,16,,
78461,78461,2019-10-01,LA,HIOS,DenteMax,http://www2.dentemax.com/,13,,
86868,86868,2019-10-01,LA,HIOS,Lincoln Dental Connect,http://lfg.go2dental.com/member/dental_search/searchprov.cgi?P=LFGDentalConnect&Network=L,13,,
87390,87390,2019-10-01,LA,HIOS,DentalGuard Preferred,https://www.guardiananytime.com/fpapp/FPWeb/dentalSearch.process,13,,
97176,97176,2019-10-01,LA,HIOS,Preferred Care PPO Vision Dental,http://www.bcbsla.com/ppo-medical-vision-dental,13,,
97176,97176,2019-10-01,LA,HIOS,United Concordia Dental,http://www.bcbsla.com/uc-dental,14,,
11083,11083,2019-10-01,MI,HIOS,EHB Basic Dental Plan (Low),https://metlocator.metlife.com/metlocator/execute/Search?searchType=findDentistHCR_MI&planType=DPPO&networkID=2,13,,
11083,11083,2019-10-01,MI,HIOS,EHB Enhanced Dental Plan (High),https://metlocator.metlife.com/metlocator/execute/Search?searchType=findDentistHCR_MI&planType=DPPO&networkID=2,14,,
11083,11083,2019-10-01,MI,HIOS,Family Basic Dental Plan (Low),https://metlocator.metlife.com/metlocator/execute/Search?searchType=findDentistHCR_MI&planType=DPPO&networkID=2,15,,
11083,11083,2019-10-01,MI,HIOS,Family Enhanced Dental Plan (High),https://metlocator.metlife.com/metlocator/execute/Search?searchType=findDentistHCR_MI&planType=DPPO&networkID=2,16,,
29416,29416,2019-10-01,MO,HIOS,CONNECTION Dental through PPO USA,http://www.ppousa.com/patients/index.html,13,,
29416,29416,2019-10-01,MO,HIOS,DenteMax,http://www2.dentemax.com/,14,,
30613,30613,2019-10-01,MO,HIOS,Humana Dental PPO/Traditional Preferred,https://www.humana.com/finder/search?customerID=1085&pfpkey=317,13,,
32753,32753,2019-10-01,MO,HIOS,Pathway X,https://www.anthem.com/health-insurance/provider-directory/searchcriteria?brand=abcbs,13,,
32753,32753,2019-10-01,MO,HIOS,Blue Preferred,https://www.anthem.com/health-insurance/provider-directory/searchcriteria?brand=abcbs,14,,
32753,32753,2019-10-01,MO,HIOS,Pathway X (with dental),https://www.anthem.com/health-insurance/provider-directory/searchcriteria?brand=abcbs,15,,
32753,32753,2019-10-01,MO,HIOS,Blue Preferred (with dental),https://www.anthem.com/health-insurance/provider-directory/searchcriteria?brand=abcbs,16,,
32753,32753,2019-10-01,MO,HIOS,Dental Prime,www.anthem.com,17,,
32904,32904,2019-10-01,MO,HIOS,Advantica Dental Benefits Inc.,www.advanticabenefits.com,13,,
34762,34762,2019-10-01,MO,HIOS,Preferred Care Blue,http://www.bluekc.com/ExchangeNetwork,13,,
34762,34762,2019-10-01,MO,HIOS,BlueSelect,http://www.bluekc.com/ExchangeNetwork,14,,
39371,39371,2019-10-01,MO,HIOS,First Commonwealth,https://www.guardiananytime.com/fpapp/FPWeb/dentalSearch.process,13,,
40807,40807,2019-10-01,MO,HIOS,Delta Dental Premier,https://www.deltadentalmo.com/Subscribers/Provider_search?PlanType=Premier,13,,
40807,40807,2019-10-01,MO,HIOS,Delta Dental PPO,https://www.deltadentalmo.com/Subscribers/Provider_search?PlanType=PPO,14,,
44240,44240,2019-10-01,MO,HIOS,PPO Exchange,http://ks.coventryproviders.com,13,,
44527,44527,2019-10-01,MO,HIOS,PPO Network,http://MOSL.coventryproviders.com,13,,
44527,44527,2019-10-01,MO,HIOS,Carelink from Coventry Network,http://MOSL.coventryproviders.com,14,,
48616,48616,2019-10-01,MO,HIOS,Ameritas PPO Dental Network,www.ameritasgroup.com,13,,
48786,48786,2019-10-01,MO,HIOS,DentalGuard Preferred,https://www.guardiananytime.com/fpapp/FPWeb/dentalSearch.process,13,,
59976,59976,2019-10-01,MO,HIOS,Lincoln Dental Connect,http://lfg.go2dental.com/member/dental_search/searchprov.cgi?P=LFGDentalConnect&Network=L,13,,
68396,68396,2019-10-01,MO,HIOS,EHB Basic Dental Plan (Low),https://metlocator.metlife.com/metlocator/execute/Search?searchType=findDentistHCR_MO&planType=DPPO&networkID=2,13,,
68396,68396,2019-10-01,MO,HIOS,EHB Enhanced Dental Plan (High),https://metlocator.metlife.com/metlocator/execute/Search?searchType=findDentistHCR_MO&planType=DPPO&networkID=2,14,,
68396,68396,2019-10-01,MO,HIOS,Family Basic Dental Plan (Low),https://metlocator.metlife.com/metlocator/execute/Search?searchType=findDentistHCR_MO&planType=DPPO&networkID=2,15,,
68396,68396,2019-10-01,MO,HIOS,Family Enhanced Dental Plan (High),https://metlocator.metlife.com/metlocator/execute/Search?searchType=findDentistHCR_MO&planType=DPPO&networkID=2,16,,
86182,86182,2019-10-01,MO,HIOS,Ameritas PPO Dental Network,www.standard.com,13,,
11324,11324,2019-10-01,MS,HIOS,DenteMax,http://www2.dentemax.com/,13,,
46300,46300,2019-10-01,MS,HIOS,ACB,http://www.alwayscarebenefits.com/comm/providers/MSDentalProviderDirectory.pdf,13,,
48963,48963,2019-10-01,MS,HIOS,Jackson PPOx,http://pfp.humana.com/Pfp/PfpMain.aspx?cust=1059&pfpkey=807,13,,
48963,48963,2019-10-01,MS,HIOS,Memphis PPOx,http://pfp.humana.com/Pfp/PfpMain.aspx?cust=1059&pfpkey=810,14,,
48963,48963,2019-10-01,MS,HIOS,Humana Dental PPO Traditional Preferred,https://www.humana.com/finder/search?customerID=1085&pfpkey=317,15,,
48963,48963,2019-10-01,MS,HIOS,Humana ChoiceCare Network PPO,http://pfp.humana.com/Pfp/PfpMain.aspx?cust=1059&pfpkey=124,16,,
49374,49374,2019-10-01,MS,HIOS,Delta Dental PPO,http://www.deltadentalins.com/find-a-dentist/,13,,
60328,60328,2019-10-01,MS,HIOS,Dentegra Dental PPO,http://www.dentegra.com/find-a-dentist,13,,
94237,94237,2019-10-01,MS,HIOS,Ambetter from Magnolia Health Plan,http://ambetter.magnoliahealthplan.com/findadoc,13,,
11512,11512,2019-10-01,NC,HIOS,PPO,http://www.bcbsnc.com/content/providersearch/index.htm,13,,
11512,11512,2019-10-01,NC,HIOS,POS,http://www.bcbsnc.com/content/providersearch/index.htm,14,,
14125,14125,2019-10-01,NC,HIOS,Lincoln Dental Connect,http://lfg.go2dental.com/member/dental_search/searchprov.cgi?P=LFGDentalConnect&Network=L,13,,
40411,40411,2019-10-01,NC,HIOS,OAP,www.Cigna.com/ifp-providers,13,,
40435,40435,2019-10-01,NC,HIOS,EHB Basic Dental Plan (Low),https://metlocator.metlife.com/metlocator/execute/Search?searchType=findDentistHCR_NC&planType=DPPO&networkID=2,13,,
40435,40435,2019-10-01,NC,HIOS,EHB Enhanced Dental Plan (High),https://metlocator.metlife.com/metlocator/execute/Search?searchType=findDentistHCR_NC&planType=DPPO&networkID=2,14,,
40435,40435,2019-10-01,NC,HIOS,Family Basic Dental Plan (Low),https://metlocator.metlife.com/metlocator/execute/Search?searchType=findDentistHCR_NC&planType=DPPO&networkID=2,15,,
40435,40435,2019-10-01,NC,HIOS,Family Enhanced Dental Plan (High),https://metlocator.metlife.com/metlocator/execute/Search?searchType=findDentistHCR_NC&planType=DPPO&networkID=2,16,,
55440,55440,2019-10-01,NC,HIOS,DentalGuard Preferred,https://www.guardiananytime.com/fpapp/FPWeb/dentalSearch.process,13,,
56346,56346,2019-10-01,NC,HIOS,Carelink Cornerstone Network,http://nc.coventryproviders.com,13,,
56346,56346,2019-10-01,NC,HIOS,Carelink CaroMont Network,http://nc.coventryproviders.com,14,,
56346,56346,2019-10-01,NC,HIOS,Carelink Carolinas HealthCare System Network,http://nc.coventryproviders.com,15,,
36096,36096,2019-10-01,IL,SERFF,PPO,https://public.hcsc.net/providerfinder/search.do?corpEntCd=IL1,13,Individual,No
36096,36096,2019-10-01,IL,SERFF,Blue Choice PPO,https://public.hcsc.net/providerfinder/search.do?corpEntCd=IL1,14,SHOP (Small Group),No
36096,36096,2019-10-01,IL,SERFF,Blue Precision HMO,https://public.hcsc.net/providerfinder/search.do?corpEntCd=IL1,14,Individual,No
46552,46552,2019-10-01,IL,SERFF,Renaissance Dental,www.renaissancedental.com/Find-a-Dentist,15,SHOP (Small Group),No
46552,46552,2019-10-01,IL,SERFF,Delta Dental,http://www.deltadental.com/DentistSearch/DentistSearchController.ccl,15,Individual,No
58288,58288,2019-10-01,IL,SERFF,NorthShore Complete Care HMOx,http://pfp.humana.com/Pfp/PfpMain.aspx?cust=1059&pfpkey=729,13,SHOP (Small Group),Yes
58288,58288,2019-10-01,IL,SERFF,Chicago HMOx,http://pfp.humana.com/Pfp/PfpMain.aspx?cust=1059&pfpkey=793,13,Individual,Yes
58288,58288,2019-10-01,IL,SERFF,Springfield HMOx,http://pfp.humana.com/Pfp/PfpMain.aspx?cust=1059&pfpkey=797,14,Individual,Yes
58288,58288,2019-10-01,IL,SERFF,Rockford Peoria HMOx,http://pfp.humana.com/Pfp/PfpMain.aspx?cust=1059&pfpkey=757,13,Individual,No
60600,60600,2019-10-01,IL,SERFF,Delta Dental PPO,www.deltadentalilexchange.com/dentist-search,14,Individual,No
68303,68303,2019-10-01,IL,SERFF,ChoicePOS,http://pfp.humana.com/Pfp/PfpMain.aspx?cust=1059&pfpkey=385,15,Individual,No
68303,68303,2019-10-01,IL,SERFF,Humana Dental PPO/Traditional Peferred,http://pfp.humana.com/Pfp/PfpMain.aspx?cust=1085&pfpkey=317&provtype=6,16,Individual,No
68303,68303,2019-10-01,IL,SERFF,Humana Dental PPO/Traditional Preferred,https://www.humana.com/finder/search?customerID=1085&pfpkey=317,13,Individual,Yes
72547,72547,2019-10-01,IL,SERFF,QHP PPO_OAMC_Chicago Illinois,http://www.aetna.com/individuals-families-health-insurance/buy-insurance/exchange/il.html,13,SHOP (Small Group),Yes
56346,56346,2019-10-01,NC,HIOS,Carelink Duke Network,http://nc.coventryproviders.com,13,Individual,No
56346,56346,2019-10-01,NC,HIOS,CoventryOne Network,http://nc.coventryproviders.com,13,Individual,Yes
56891,56891,2019-10-01,NC,HIOS,Delta Dental,http://www.deltadentalnc.com/Find-a-Dentist.aspx,13,Individual,Yes
94482,94482,2019-10-01,NC,HIOS,DenteMax,http://www2.dentemax.com/,13,Individual,No
27882,27882,2019-10-01,ND,HIOS,Delta Dental PPO plus Premier,www.deltadentalmn.org/findADentist,16,,
33011,33011,2019-10-01,ND,HIOS,Ameritas PPO Dental Network,www.standard.com,17,,
33889,33889,2019-10-01,ND,HIOS,DentalGuard Preferred,https://www.guardiananytime.com/fpapp/FPWeb/dentalSearch.process,13,,
37160,37160,2019-10-01,ND,HIOS,Preferred Blue PPO,https://www.bcbsnd.com/doctor/,13,,
40479,40479,2019-10-01,ND,HIOS,Lincoln Dental Connect,http://lfg.go2dental.com/member/dental_search/searchprov.cgi?P=LFGDentalConnect&Network=L,13,,
73751,73751,2019-10-01,ND,HIOS,MHP Medica Essential,www.medica.com/EssentialProviders,13,,
73751,73751,2019-10-01,ND,HIOS,Medica Applause,www.medica.com/ApplauseProviders,13,,
75329,75329,2019-10-01,ND,HIOS,DenteMax,http://www2.dentemax.com/,13,,
89364,89364,2019-10-01,ND,HIOS,Sanford Health Plan North Dakota Network,https://www.viiad.com/shp/provider_search_main.asp,13,,
93236,93236,2019-10-01,ND,HIOS,Ameritas PPO Dental Network,www.ameritasgroup.com,13,,
10191,10191,2019-10-01,NJ,HIOS,QualCare Regional HMO Network,http://network-nj.healthrepublic.us/FindADoctor/FindADoctor_HRICoOpMain.aspx,14,,
40704,40704,2019-10-01,NJ,HIOS,Ameritas PPO Dental Network,www.ameritasgroup.com,13,,
44811,44811,2019-10-01,NJ,HIOS,Managed DentalGuard,https://www.guardiananytime.com/fpapp/FPWeb/dentalSearch.process,13,,
48608,48608,2019-10-01,NJ,HIOS,Dentegra Dental PPO,http://www.dentegra.com/find-a-dentist,13,,
51791,51791,2019-10-01,NJ,HIOS,Ameritas PPO Dental Network,www.standard.com,13,,
53877,53877,2019-10-01,NJ,HIOS,EHB Basic Dental Plan (Low),https://metlocator.metlife.com/metlocator/execute/Search?searchType=findDentistHCR_NJ&planType=DUAL&custNum=0383218&networkID=2,13,,
53877,53877,2019-10-01,NJ,HIOS,EHB Enhanced Dental Plan (High),https://metlocator.metlife.com/metlocator/execute/Search?searchType=findDentistHCR_NJ&planType=DUAL&custNum=0383218&networkID=2,13,,
53877,53877,2019-10-01,NJ,HIOS,Family Basic Dental Plan (Low),https://metlocator.metlife.com/metlocator/execute/Search?searchType=findDentistHCR_NJ&planType=DUAL&custNum=0383218&networkID=2,13,,
53877,53877,2019-10-01,NJ,HIOS,Family Enhanced Dental Plan (High),https://metlocator.metlife.com/metlocator/execute/Search?searchType=findDentistHCR_NJ&planType=DUAL&custNum=0383218&networkID=2,13,,
77606,77606,2019-10-01,NJ,HIOS,AmeriHealth HMO Inc,www.amerihealth.com/ffm/directories2,13,,
77606,77606,2019-10-01,NJ,HIOS,AmeriHealth Value HMO,www.amerihealth.com/ffm/directories2,14,,
79422,79422,2019-10-01,NJ,HIOS,EHB Basic Dental Plan (Low),https://metlocator.metlife.com/metlocator/execute/Search?searchType=findDentistHCR_NJ&planType=DUAL&custNum=0383218&networkID=2,15,,
79422,79422,2019-10-01,NJ,HIOS,EHB Enhanced Dental Plan (High),https://metlocator.metlife.com/metlocator/execute/Search?searchType=findDentistHCR_NJ&planType=DUAL&custNum=0383218&networkID=2,16,,
79422,79422,2019-10-01,NJ,HIOS,Family Basic Dental Plan (Low),https://metlocator.metlife.com/metlocator/execute/Search?searchType=findDentistHCR_NJ&planType=DUAL&custNum=0383218&networkID=2,13,,
79422,79422,2019-10-01,NJ,HIOS,Family Enhanced Dental Plan (High),https://metlocator.metlife.com/metlocator/execute/Search?searchType=findDentistHCR_NJ&planType=DUAL&custNum=0383218&networkID=2,14,,
91661,91661,2019-10-01,NJ,HIOS,Horizon BCBSNJ Managed Care Network,directory.horizonblue.com,13,,
91661,91661,2019-10-01,NJ,HIOS,Horizon BCBSNJ Dental PPO/Traditional Network,directory.horizonblue.com,14,,
91762,91762,2019-10-01,NJ,HIOS,AmeriHealth PPO,www.amerihealth.com/ffm/directories2,15,,
91762,91762,2019-10-01,NJ,HIOS,AmeriHealth Value PPO,www.amerihealth.com/ffm/directories2,16,,
91762,91762,2019-10-01,NJ,HIOS,AmeriHealth PPO National Access,www.amerihealth.com/ffm/directories3,13,,
93627,93627,2019-10-01,NJ,HIOS,DentalGuard Preferred,https://www.guardiananytime.com/fpapp/FPWeb/dentalSearch.process,14,,
97057,97057,2019-10-01,NJ,HIOS,Alliance,https://secure.ucci.com/tp2fad/?network=094,13,,
99708,99708,2019-10-01,NJ,HIOS,Delta Dental PPO,http://www.deltadentalcoversme.com/dentistsearch?entry=exchange1,14,,
99708,99708,2019-10-01,NJ,HIOS,Delta Dental Premier,http://www.deltadentalcoversme.com/dentistsearch?entry=exchange2,15,,
34968,34968,2019-10-01,OH,HIOS,EHB Basic Dental Plan (Low),https://metlocator.metlife.com/metlocator/execute/Search?searchType=findDentistHCR_OH&planType=DPPO&networkID=2,13,,
34968,34968,2019-10-01,OH,HIOS,EHB Enhanced Dental Plan (High),https://metlocator.metlife.com/metlocator/execute/Search?searchType=findDentistHCR_OH&planType=DPPO&networkID=2,13,,
34968,34968,2019-10-01,OH,HIOS,Family Basic Dental Plan (Low),https://metlocator.metlife.com/metlocator/execute/Search?searchType=findDentistHCR_OH&planType=DPPO&networkID=2,13,,
34968,34968,2019-10-01,OH,HIOS,Family Enhanced Dental Plan (High),https://metlocator.metlife.com/metlocator/execute/Search?searchType=findDentistHCR_OH&planType=DPPO&networkID=2,14,,
40254,40254,2019-10-01,OK,HIOS,DenteMax,http://www2.dentemax.com/,13,,
45689,45689,2019-10-01,OK,HIOS,Dentegra Dental PPO,http://www.dentegra.com/find-a-dentist,14,,
53524,53524,2019-10-01,OK,HIOS,Coventry Health and Life Insurance Company,http://ok.coventryproviders.com,15,,
66946,66946,2019-10-01,OK,HIOS,QHP PPO_OAMC_Oklahoma,http://www.aetna.com/individuals-families-health-insurance/buy-insurance/exchange/ok.html,16,,
76668,76668,2019-10-01,OK,HIOS,Carelink Tulsa Region,http://ok.coventryproviders.com,13,,
76668,76668,2019-10-01,OK,HIOS,Integris Health Partners,http://ok.coventryproviders.com,13,,
77760,77760,2019-10-01,OK,HIOS,DDOK Network SHOP,https://sites.deltadentalok.org/DentistSearch/,13,,
77760,77760,2019-10-01,OK,HIOS,DDOK Network Individual,http://www.deltadentalcoversme.com/dentistsearch,13,,
81457,81457,2019-10-01,OK,HIOS,DentalGuard Preferred,https://www.guardiananytime.com/fpapp/FPWeb/dentalSearch.process,13,,
85408,85408,2019-10-01,OK,HIOS,GlobalHealth,www.globalhealth.com,14,,
87571,87571,2019-10-01,OK,HIOS,Blue Choice PPO,https://public.hcsc.net/providerfinder/home.do?corpEntCd=OK1,13,,
87571,87571,2019-10-01,OK,HIOS,Blue Preferred PPO,https://public.hcsc.net/providerfinder/home.do?corpEntCd=OK1,14,,
87571,87571,2019-10-01,OK,HIOS,Blue Advantage PPO,https://public.hcsc.net/providerfinder/home.do?corpEntCd=OK1,13,,
87571,87571,2019-10-01,OK,HIOS,BlueCare Dental PPO,https://public.hcsc.net/providerfinder/home.do?corpEntCd=OK1,13,,
87698,87698,2019-10-01,OK,HIOS,CommunityCare Marketplace Select,http://marketplace.ccok.com?directory=3,13,,
91848,91848,2019-10-01,OK,HIOS,Lincoln Dental Connect,http://lfg.go2dental.com/member/dental_search/searchprov.cgi?P=LFGDentalConnect&Network=L,14,,
98905,98905,2019-10-01,OK,HIOS,CommunityCare Marketplace Select,http://marketplace.ccok.com?directory=1,15,,
98905,98905,2019-10-01,OK,HIOS,CommunityCare Marketplace Standard,http://marketplace.ccok.com?directory=2,16,,
15614,15614,2019-10-01,PA,HIOS,Dominion Dental DHMO,https://www.dominiondental.com/find-a-dentist,13,,
15614,15614,2019-10-01,PA,HIOS,Dominion Dental PPO,https://www.dominiondental.com/find-a-dentist,13,,
16481,16481,2019-10-01,PA,HIOS,UPMC Health Network PPOIndividualDentalHMO,http://www.upmchealthplan.com/marketplace/network.aspx?network=06_IND_PPO_Serv5_Med29_DentDH,13,,
16481,16481,2019-10-01,PA,HIOS,UPMC Health Network PPOIndividualDentalPPO,http://www.upmchealthplan.com/marketplace/network.aspx?network=07_IND_PPO_Serv24_Med29_DentDP,14,,
16481,16481,2019-10-01,PA,HIOS,UPMC Inside Advantage PPODental Advantage,http://www.upmchealthplan.com/marketplace/network.aspx?network=08_SHOP_PPO_Serv10_Med29_DentA,13,,
16481,16481,2019-10-01,PA,HIOS,UPMC Health Network PPOShopDentalAdvantage,http://www.upmchealthplan.com/marketplace/network.aspx?network=09_SHOP_PPO_Serv29_Med29_DentA,14,,
16481,16481,2019-10-01,PA,HIOS,UPMC Health Network EPODental Advantage,http://www.upmchealthplan.com/marketplace/network.aspx?network=10_SHOP_EPO_Serv29_Med29_DentA,13,,
16481,16481,2019-10-01,PA,HIOS,UPMC Health Network Standalone Dental Advantage PPO,http://www.upmchealthplan.com/marketplace/network.aspx?network=11_SHOP_DAP_Serv29_DentA,14,,
22444,22444,2019-10-01,PA,HIOS,GHP HMO,http://www.thehealthplan.com/providersearch/,15,,
31609,31609,2019-10-01,PA,HIOS,Personal Choice PPO,www.ibx.com/ffm/directories,16,,
32561,32561,2019-10-01,PA,HIOS,DentalGuard Preferred,https://www.guardiananytime.com/fpapp/FPWeb/dentalSearch.process,17,,
33709,33709,2019-10-01,PA,HIOS,Community Blue Network,https://provdir.highmarkbcbs.com,18,,
33709,33709,2019-10-01,PA,HIOS,PBS Preferred Professional Provider  and Highmark Blue Shield Facility Provider Network,https://provdir.highmarkblueshield.com,13,,
33709,33709,2019-10-01,PA,HIOS,PBS Preferred Professional Provider  and Highmark Blue Shield Facility Provider Network,https://provdir.highmarkblueshield.com,13,,
33871,33871,2019-10-01,PA,HIOS,Keystone HMO,www.ibx.com/ffm/directories,13,,
33906,33906,2019-10-01,PA,HIOS,QHP PPO_OAMC_Southeastern Pennsylvania,http://www.aetna.com/individuals-families-health-insurance/buy-insurance/exchange/pa.html,13,,
45127,45127,2019-10-01,PA,HIOS,BCD DHMO,https://www.capbluecross.com/FindADoctor/FindADoctor/,14,,
45127,45127,2019-10-01,PA,HIOS,BCD PPO Group,https://www.capbluecross.com/FindADoctor/FindADoctor/,15,,
45127,45127,2019-10-01,PA,HIOS,BCD PPO Individual,https://www.capbluecross.com/FindADoctor/FindADoctor/,13,,
46518,46518,2019-10-01,PA,HIOS,Dentegra Dental PPO,http://www.dentegra.com/find-a-dentist,13,,
49275,49275,2019-10-01,PA,HIOS,Concordia Advantage,https://secure.ucci.com/tp2fad/?network=070,13,,
52899,52899,2019-10-01,PA,HIOS,UPMCHP HMO GatekeeperIndividualDentalHMO,http://www.upmchealthplan.com/marketplace/network.aspx?network=01_IND_HMO_Serv5_Med28_DentDH,14,,
52899,52899,2019-10-01,PA,HIOS,UPMCHP HMO GatekeeperIndividualDentalPPO,http://www.upmchealthplan.com/marketplace/network.aspx?network=02_IND_HMO_Serv23_Med28_DentDP,15,,
52899,52899,2019-10-01,PA,HIOS,UPMCHP AllegAdvHMO GtkprIndivDentalHMO,http://www.upmchealthplan.com/marketplace/network.aspx?network=03_IND_HMO_Serv1_Med1_DentDH,13,,
52899,52899,2019-10-01,PA,HIOS,UMPCHP RegAdvGtkprIndivDentalHMO,http://www.upmchealthplan.com/marketplace/network.aspx?network=04_IND_HMO_Serv5_Med5_DentDH,13,,
52899,52899,2019-10-01,PA,HIOS,UPMCHP HMO GatekeeperSHOP,http://www.upmchealthplan.com/marketplace/network.aspx?network=05_SHOP_HMO_Serv28_Med28_DentA,13,,
53789,53789,2019-10-01,PA,HIOS,KHPC Value HMO Network,https://www.capbluecross.com/wps/portal/cbc/FindADoctor/FindADoctorExt/!ut/p/b1/04_SjzS0AEJLI0tLQ_0I_ai8xLLM9MSSzPy8xBwQP8os3sgg2NDAwNTVyNLQ1MLAM8jAKcTN2c0o0MQIqCASRYGvk6uBp5ejoaerd6hxaIAxZfoDjYjTb4ADOBoQ0u-lH5Wek58E9Gq4fhSaYky_4FUAcixYAR7X-Hnk56bq50bluLlZZGcGpCsqAgAM6QKk/dl4/d5/L2dBISEvZ0FBIS9nQSEh/,14,,
53789,53789,2019-10-01,PA,HIOS,KHPC HMO Network,https://www.capbluecross.com/wps/portal/cbc/FindADoctor/FindADoctorExt/!ut/p/b1/04_SjzS0AEJLI0tLQ_0I_ai8xLLM9MSSzPy8xBwQP8os3sgg2NDAwNTVyNLQ1MLAM8jAKcTN2c0o0MQIqCASRYGvk6uBp5ejoaerd6hxaIAxZfoDjYjTb4ADOBoQ0u-lH5Wek58E9Gq4fhSaYky_4FUAcixYAR7X-Hnk56bq50bluLlZZGcGpCsqAgAM6QKk/dl4/d5/L2dBISEvZ0FBIS9nQSEh/,15,,
55957,55957,2019-10-01,PA,HIOS,First Priority Life PPO,https://findadoctor.bcnepa.com,16,,
55957,55957,2019-10-01,PA,HIOS,First Priority Life Custom PPO,https://findadoctor.bcnepa.com,17,,
59656,59656,2019-10-01,PA,HIOS,Concordia Plus,https://secure.ucci.com/tp2fad/?network=017,13,,
64844,64844,2019-10-01,PA,HIOS,QHP HMO_Southeastern Pennsylvania,http://www.aetna.com/individuals-families-health-insurance/buy-insurance/exchange/pa.html,14,,
67499,67499,2019-10-01,PA,HIOS,Humana Dental PPO/Traditional Preferred,https://www.humana.com/finder/search?customerID=1085&pfpkey=317,13,,
70194,70194,2019-10-01,PA,HIOS,Keystone Health Plan West Network,https://provdir.highmarkbcbs.com,14,,
70194,70194,2019-10-01,PA,HIOS,PBS Preferred Professional and Highmark Blue Shield Facility Provider Network,https://provdir.highmarkblueshield.com,13,,
70194,70194,2019-10-01,PA,HIOS,PBS Preferred Professional and Highmark Blue Shield Facility Provider Network,https://provdir.highmarkblueshield.com,13,,
70533,70533,2019-10-01,PA,HIOS,Lincoln Dental Connect,http://lfg.go2dental.com/member/dental_search/searchprov.cgi?P=LFGDentalConnect&Network=L,13,,
71933,71933,2019-10-01,PA,HIOS,DenteMax,http://www2.dentemax.com/,13,,
71933,71933,2019-10-01,PA,HIOS,CONNECTION Dental through PPO USA,http://www.ppousa.com/patients/index.html,14,,
75729,75729,2019-10-01,PA,HIOS,GHP PPO Network,http://www.thehealthplan.com/providersearch/,15,,
82110,82110,2019-10-01,PA,HIOS,Delta Dental PPO,http://www.deltadentalins.com/find-a-dentist/,13,,
82110,82110,2019-10-01,PA,HIOS,DeltaCare USA DHMO,http://www.deltadentalins.com/find-a-dentist/,13,,
82795,82795,2019-10-01,PA,HIOS,CBC PPO Network,https://www.capbluecross.com/wps/portal/cbc/FindADoctor/FindADoctorExt/!ut/p/b1/04_SjzS0AEJLI0tLQ_0I_ai8xLLM9MSSzPy8xBwQP8os3sgg2NDAwNTVyNLQ1MLAM8jAKcTN2c0o0MQIqCASRYGvk6uBp5ejoaerd6hxaIAxZfoDjYjTb4ADOBoQ0u-lH5Wek58E9Gq4fhSaYky_4FUAcixYAR7X-Hnk56bq50bluLlZZGcGpCsqAgAM6QKk/dl4/d5/L2dBISEvZ0FBIS9nQSEh/,14,,
91303,91303,2019-10-01,PA,HIOS,HealthAmerica,http://pa.coventryproviders.com,13,,
98060,98060,2019-10-01,PA,HIOS,EHB Basic Dental Plan (Low),https://metlocator.metlife.com/metlocator/execute/Search?searchType=findDentistHCR_PA&planType=DPPO&networkID=2,13,,
98060,98060,2019-10-01,PA,HIOS,EHB Enhanced Dental Plan (High),https://metlocator.metlife.com/metlocator/execute/Search?searchType=findDentistHCR_PA&planType=DPPO&networkID=2,14,,
98060,98060,2019-10-01,PA,HIOS,Family Basic Dental Plan (Low),https://metlocator.metlife.com/metlocator/execute/Search?searchType=findDentistHCR_PA&planType=DPPO&networkID=2,13,,
98060,98060,2019-10-01,PA,HIOS,Family Enhanced Dental Plan (High),https://metlocator.metlife.com/metlocator/execute/Search?searchType=findDentistHCR_PA&planType=DPPO&networkID=2,13,,
26065,26065,2019-10-01,SC,HIOS,BlueEssentials Network,https://www.southcarolinablues.com/links/metallic/providerdirectory,13,,
26065,26065,2019-10-01,SC,HIOS,Preferred Blue PPO Network,https://www.southcarolinablues.com/links/metallic/providerdirectory,14,,
41614,41614,2019-10-01,SC,HIOS,Carelink Regional HealthPlus Network,http://sc.coventryproviders.com,15,,
41614,41614,2019-10-01,SC,HIOS,Carelink Roper St Francis Network,http://sc.coventryproviders.com,16,,
41614,41614,2019-10-01,SC,HIOS,Carelink Upstate Network,http://sc.coventryproviders.com,13,,
41614,41614,2019-10-01,SC,HIOS,Carelink Midlands Network,http://sc.coventryproviders.com,14,,
41614,41614,2019-10-01,SC,HIOS,CoventryOne Network,http://sc.coventryproviders.com,13,,
49532,49532,2019-10-01,SC,HIOS,MyChoice Advantage Network,http://www.bluechoicesc.com/doctorhospitalfinder.aspx,14,,
49532,49532,2019-10-01,SC,HIOS,Business Advantage Network,http://www.bluechoicesc.com/doctorhospitalfinder.aspx,15,,
54362,54362,2019-10-01,SC,HIOS,OAP,www.Cigna.com/ifp-providers,16,,
65122,65122,2019-10-01,SC,HIOS,CCHP EPO,http://www.cchpsc.org/members/network,17,,
77305,77305,2019-10-01,SC,HIOS,Delta Dental Premier,https://www.deltadentalsc.com/Subscribers/Provider_search?PlanType=Premier,13,,
77305,77305,2019-10-01,SC,HIOS,Delta Dental PPO,https://www.deltadentalsc.com/Subscribers/Provider_search?PlanType=PPO,14,,
84589,84589,2019-10-01,SC,HIOS,Lincoln Dental Connect,http://lfg.go2dental.com/member/dental_search/searchprov.cgi?P=LFGDentalConnect&Network=L,13,,
84939,84939,2019-10-01,SC,HIOS,DentalGuard Preferred,https://www.guardiananytime.com/fpapp/FPWeb/dentalSearch.process,13,,
84966,84966,2019-10-01,SC,HIOS,EHB Basic Dental Plan (Low),https://www.metlife.com/dental,13,,
84966,84966,2019-10-01,SC,HIOS,EHB Enhanced Dental Plan (High),https://www.metlife.com/dental,14,,
84966,84966,2019-10-01,SC,HIOS,Family Basic Dental Plan (Low),https://www.metlife.com/dental,13,,
84966,84966,2019-10-01,SC,HIOS,Family Enhanced Dental Plan (High),https://www.metlife.com/dental,13,,
89281,89281,2019-10-01,SC,HIOS,DenteMax,http://www2.dentemax.com/,13,,
